obs_id,window,distance_cm,file,match_score,ambiguous,n_samples,n_segments,coverage,manual_readings,plateau_readings,manual_avg,plateau_avg,manual_vs_plateau_pct
O0011,W005,100,18-4\phone light reading 18-4\A Done\Light (1).xls,4/5,False,790,2,0.88,3732;3780;3777;3590;3684,3732;3370,3712.6,3551.2,4.5
O0022,W005,50,19-4\Excel\A4 104 0900\Light (17).xls,5/5,False,765,1,0.95,5390;5395;5380;5346;5338,5306,5369.8,5306.5,1.2
O0023,W005,100,19-4\Excel\A4 104 0900\Light (18).xls,5/5,False,253,1,0.82,3403;3451;3498;3474;3439,3403,3453,3403.0,1.5
O0027,W006,150,19-4\Excel\A4 104 1200\Light (22).xls,5/5,False,193,1,0.79,710;722;740;716;719,722,721.4,722.0,-0.1
O0028,W004,50,19-4\Excel\A5 105 1200\Light (23).xls,5/5,False,686,2,0.94,8977;9018;8942;8937;8936,6938;8892,8962,7915.0,13.2
O0029,W004,100,19-4\Excel\A5 105 1200\Light (24).xls,5/5,False,385,1,0.91,5642;5648;5683;5655;5641,5644,5653.8,5644.5,0.2
O0030,W004,150,19-4\Excel\A5 105 1200\Light (25).xls,5/5,False,171,1,0.63,3174;3218;3266;3223;3186,3218,3213.4,3218.0,-0.1
O0031,W004,50,19-4\Excel\A5 105 1500\Light (26).xls,5/5,False,460,1,0.94,3828;3553;3780;3974;3495,3580,3726,3580.5,4.1
O0032,W004,100,19-4\Excel\A5 105 1500\Light (27).xls,5/5,False,225,1,0.75,2294;2285;2333;2309;2319,2294,2308,2294.0,0.6
O0033,W004,150,19-4\Excel\A5 105 1500\Light (28).xls,4/5,False,214,2,0.71,1322;1308;1166;1154;1214,1169;1332,1232.8,1250.5,-1.4
O0034,W006,50,19-4\Excel\A4 104 1500\Light (29).xls,5/5,False,184,2,0.84,1025;949;978;873;984,885;978,961.8,931.5,3.3
O0035,W006,100,19-4\Excel\A4 104 1500\Light (30).xls,5/5,False,206,2,0.81,369;337;368;364;254,254;364,338.4,309.0,9.5
O0036,W006,150,19-4\Excel\Light (31).xls,5/5,False,172,1,0.85,221;212;223;222;216,218,218.8,218.0,0.4
O0037,W005,50,20-4\Excel\A4 102 1200\Light.xls,5/5,False,748,1,0.95,5023;4666;4660;5178;5177,4955,4940.8,4955.0,-0.3
O0038,W005,100,20-4\Excel\A4 102 1200\Light (1).xls,5/5,False,706,3,0.91,3989;3860;3378;3377;3376,2566;3437;3373,3596,3125.3,15.1
O0039,W005,150,20-4\Excel\A4 102 1200\Light (2).xls,5/5,False,299,1,0.89,2844;2832;2752;2706;2798,2706,2786.4,2706.0,3.0
O0040,W006,50,20-4\Excel\A4 104 1200\Light (4).xls,5/5,False,2709,6,0.97,5270;5267;4442;4546;4444,4446;4433;4897;5087;4553,4793.8,4683.2,2.4
O0041,W006,100,20-4\Excel\A4 104 1200\Light (5).xls,5/5,False,173,1,0.93,1561;1555;1537;1514;1519,1537,1537.2,1537.0,0.0
O0042,W006,150,20-4\Excel\A4 104 1200\Light (6).xls,5/5,False,176,1,0.8,653;650;641;628;625,625,639.4,625.0,2.3
O0043,W004,50,20-4\Excel\A4 102 1800\Light (9).xls,5/5,False,424,2,0.91,331;329;301;331;324,296;329,323.2,312.5,3.4
O0044,W004,100,20-4\Excel\A4 102 1800\Light (10).xls,5/5,False,274,1,0.85,199;198;190;193;192,191,194.4,191.0,1.8
O0045,W004,150,20-4\Excel\()discarded due to blurry readings on meter A4 110 1800\Light (15).xls,5/5,False,547,1,0.95,131;130;127;128;129,133,129,133.0,-3.0
O0045,W004,150,20-4\Excel\()discarded due to blurry readings on meter A4 110 1800\Light (16).xls,5/5,False,547,1,0.95,131;130;127;128;129,133,129,133.0,-3.0
O0045,W004,150,20-4\Excel\A4 102 1800\Light (11).xls,5/5,False,195,1,0.86,131;130;127;128;129,128,129,128.0,0.8
O0046,W004,50,21-4\Excel\A5 105 1800\Light.xls,5/5,False,208,3,0.84,1073;1066;1024;1010;1016,992;861;1036,1037.8,963.0,7.8
O0047,W004,100,21-4\Excel\A5 105 1800\Light (1).xls,5/5,False,246,1,0.85,723;722;711;674;721,711,710.2,711.0,-0.1
O0048,W004,150,21-4\Excel\A5 105 1800\Light (2).xls,5/5,False,265,1,0.88,473;471;464;462;461,458,466.2,458.0,1.8
O0052,W007,50,22-4\Excel\new\Light.xls,5/5,False,183,1,0.84,320;319;309;314;303,309,313,309.0,1.3
O0053,W007,100,22-4\Excel\new\Light (1).xls,5/5,False,290,2,0.9,158;157;122;123;121,123;156,136.2,139.5,-2.4
O0054,W007,150,22-4\Excel\new\Light (2).xls,5/5,False,304,2,0.8,107;106;100;99;98,99;105,102,102.0,0.0
O0055,W008,50,23-4\Excel\A1 213 0900\Light.xls,5/5,True,359,1,0.89,942;936;891;922;881,894,914.4,894.0,2.3
O0056,W008,100,23-4\Excel\A1 213 0900\Light (1).xls,5/5,False,300,1,0.8,610;606;576;602;597,576,598.2,576.0,3.9
O0057,W008,150,23-4\Excel\A1 213 0900\Light (2).xls,5/5,False,288,2,0.9,412;410;398;402;399,398;290,404.2,344.0,17.5
O0058,W005,50,23-4\Excel\A4 102 1200\Light (3).xls,5/5,False,453,1,0.91,4893;4892;4634;4811;4794,4674,4804.8,4673.5,2.8
O0059,W005,100,23-4\Excel\A4 102 1200\Light (4).xls,5/5,False,203,2,0.83,2988;2976;2940;2892;2916,2706;2940,2942.4,2823.0,4.2
O0060,W005,150,23-4\Excel\A4 102 1200\Light (5).xls,5/5,False,234,3,0.82,1770;1764;1700;1649;1655,1689;1400;1674,1707.6,1587.8,7.5
O0061,W006,50,23-4\Excel\A4 104 1200\Light (6).xls,5/5,False,462,6,0.84,3974;3928;3520;3590;3050,3473;3656;3384;3028;3538,3612.4,3415.8,5.8
O0062,W006,100,23-4\Excel\A4 104 1200\Light (7).xls,5/5,False,195,3,0.82,1617;1616;1597;1515;1574,1541;1422;1597,1583.8,1520.2,4.2
O0063,W006,150,23-4\Excel\A4 104 1200\Light (8).xls,5/5,False,276,2,0.67,925;922;884;878;890,890;881,899.8,885.5,1.6
O0064,W004,50,23-4\Excel\A5 105 1200\Light (10).xls,5/5,False,429,3,0.87,7854;7846;7765;7576;7294,7594;6724;7264,7667,7194.2,6.6
O0064,W004,50,23-4\Excel\A5 105 1200\Light (9).xls,5/5,False,429,3,0.87,7854;7846;7765;7576;7294,7594;6724;7264,7667,7194.2,6.6
O0066,W004,150,23-4\Excel\A5 105 1200\Light (11).xls,5/5,False,132,1,0.7,2941;2940;2845;2892;2880,2892,2899.6,2892.0,0.3
O0067,W008,50,23-4\Excel\A1 213 1200\Light (12).xls,5/5,False,358,3,0.88,3963;3943;3362;3870;3789,3870;3420;3328,3785.4,3539.5,6.9
O0068,W008,100,23-4\Excel\A1 213 1200\Light (13).xls,5/5,False,338,3,0.87,2937;2925;2704;1980;2890,2009;2447;2844,2687.2,2433.3,10.4
O0068,W008,100,23-4\Excel\A1 213 1200\Light (14).xls,5/5,True,546,4,0.85,2937;2925;2704;1980;2890,2009;2447;2844;1853,2687.2,2288.2,17.4
O0070,W005,50,23-4\Excel\A4 102 1500\Light (15).xls,5/5,False,622,3,0.91,6651;6650;6527;6528;6081,5831;5924;6426,6487.4,6060.5,7.0
O0070,W005,50,23-4\Excel\A4 102 1500\Light (16).xls,5/5,True,983,3,0.58,6651;6650;6527;6528;6081,5831;5924;6426,6487.4,6060.5,7.0
O0072,W005,150,23-4\Excel\A4 102 1500\Light (17).xls,5/5,False,239,2,0.85,2382;2369;2196;2099;2148,1788;2176,2238.8,1981.8,13.0
O0073,W009,50,23-4\Excel\A4 103 1500\Light (18).xls,5/5,False,662,7,0.92,5914;5913;5186;5866;4327,5373;4882;3822;4416;5588,5441.2,4816.1,13.0
O0074,W009,100,23-4\Excel\A4 103 1500\Light (19).xls,5/5,False,321,5,0.85,3197;3186;2988;3034;2938,2090;2976;2635;2997;2485,3068.6,2636.6,16.4
O0074,W009,100,23-4\Excel\A4 103 1500\Light (20).xls,5/5,True,607,5,0.45,3197;3186;2988;3034;2938,2090;2976;2635;2997;2485,3068.6,2636.6,16.4
O0076,W006,50,23-4\Excel\A4 104 1500\Light (21).xls,5/5,False,419,1,0.9,4798;4797;4720;4585;4480,4608,4676,4608.0,1.5
O0077,W006,100,23-4\Excel\A4 104 1500\Light (22).xls,5/5,False,259,4,0.85,3266;3265;3219;3173;3129,3151;2739;2331;2981,3210.4,2800.5,14.6
O0078,W006,150,23-4\Excel\A4 104 1500\Light (23).xls,5/5,False,268,4,0.82,1948;1942;1857;1948;1869,1857;1328;1665;1825,1912.8,1668.8,14.6
O0079,W006,50,23-4\Excel\Light.xls,5/5,False,202,1,0.81,1327;1321;1304;1281;1257,1292,1298,1292.0,0.5
O0080,W006,100,23-4\Excel\Light (1).xls,5/5,False,230,1,0.83,873;870;816;827;809,816,839,816.0,2.8
O0081,W006,150,23-4\Excel\Light (2).xls,5/5,False,325,4,0.81,515;514;476;456;473,453;398;476;416,486.8,435.8,11.7
O0082,W005,50,23-4\Excel\Light (3).xls,5/5,False,326,5,0.83,2634;2616;2529;2121;2060,2056;2467;2121;2276;2529,2392,2289.9,4.5
O0083,W005,100,23-4\Excel\Light (4).xls,4/5,False,337,2,0.76,1518;1517;1258;1472;1479,1270;1418,1448.8,1344.0,7.8
O0084,W005,150,23-4\Excel\Light (5).xls,5/5,False,275,3,0.77,1074;1070;877;1007;1070,932;1010;883,1019.6,941.5,8.3
O0085,W011,50,23-4\Excel\Light (6).xls,5/5,False,267,6,0.86,578;576;554;537;517,540;464;415;536;510,552.4,493.0,12.0
O0086,W011,100,23-4\Excel\Light (7).xls,5/5,False,254,5,0.76,453;451;372;367;376,264;439;377;310;374,403.8,352.7,14.5
O0087,W011,150,23-4\Excel\Light (8).xls,5/5,False,244,1,0.88,239;238;204;221;216,217,223.6,217.0,3.0
O0088,W007,50,24-4\excel\A4 110 0900\Light (9).xls,5/5,False,509,11,0.9,3963;3952;3170;3617;3602,3882;3170;2911;3078;3575,3660.8,3323.2,10.2
O0089,W007,100,24-4\excel\A4 110 0900\Light (10).xls,5/5,False,289,9,0.92,2378;2377;1700;2003;2238,1681;2003;2365;1660;2081,2139.2,1958.0,9.3
O0090,W007,150,24-4\excel\A4 110 0900\Light (11).xls,5/5,False,257,2,0.86,1182;1176;1107;1002;1083,978;1089,1110,1033.5,7.4
O0091,W011,50,24-4\excel\A5 105 0900\Light (12).xls,5/5,False,421,2,0.86,3266;3254;3171;3078;3124,2576;3078,3178.6,2827.0,12.4
O0092,W011,100,24-4\excel\A5 105 0900\Light (13).xls,5/5,False,443,5,0.89,2038;2033;1747;1741;1864,1710;1414;1729;1782;2003,1884.6,1727.5,9.1
O0093,W011,150,24-4\excel\A5 105 0900\Light (14).xls,5/5,False,325,2,0.89,1257;1251;1187;1181;1097,1108;1187,1194.6,1147.5,4.1
O0094,W004,50,24-4\excel\A5 105 1200\Light (15).xls,5/5,False,765,5,0.94,8434;8420;8279;8330;7949,7925;6615;5891;7343;8250,8282.4,7204.8,15.0
O0095,W004,100,24-4\excel\A5 105 1200\Light (16).xls,5/5,False,569,1,0.93,3793;3784;3597;3599;3643,3566,3683.2,3566.0,3.3
O0096,W004,150,24-4\excel\A5 105 1200\Light (17).xls,5/5,False,211,2,0.84,2665;2652;2616;2567;2496,1902;2567,2599.2,2234.5,16.3
O0097,W011,50,24-4\excel\A2 207 1200\Light (18).xls,5/5,False,708,5,0.95,6288;6287;6231;6138;6034,6030;5624;6140;5333;6084,6195.6,5842.4,6.0
O0097,W011,50,24-4\excel\A2 207 1200\Light (19).xls,5/5,True,891,5,0.76,6288;6287;6231;6138;6034,6030;5624;6140;5333;6084,6195.6,5842.4,6.0
O0099,W011,150,24-4\excel\A2 207 1200\Light (20).xls,5/5,False,155,1,0.74,1352;1346;1328;1257;1263,1288,1309.2,1288.0,1.6
O0100,W001,50,26-4\Excel\Light.xls,5/5,False,1496,7,0.94,6081;6078;5217;5214;5219,5202;5564;4915;5152;5887,5561.8,5344.2,4.1
O0101,W001,100,26-4\Excel\Light (1).xls,5/5,False,174,1,0.8,3270;3268;3123;3124;3222,3173,3201.4,3173.0,0.9
O0102,W001,150,26-4\Excel\Light (2).xls,5/5,False,353,5,0.88,1888;1882;1841;1818;1835,1830;1100;1829;1602;1823,1852.8,1636.8,13.2
O0103,W007,50,27_4\excel\A4 110 1200\Light.xls,5/5,False,307,2,0.93,1732;1730;1718;1506;1522,1375;1518,1641.6,1446.5,13.5
O0104,W007,100,27_4\excel\A4 110 1200\Light (1).xls,5/5,False,268,7,0.85,1288;1281;1174;1120;1100,891;751;895;769;881,1192.6,837.4,42.4
O0105,W007,150,27_4\excel\A4 110 1200\Light (2).xls,5/5,True,268,5,0.88,525;524;523;355;434,507;434;354;307;355,472.2,391.4,20.6
O0106,W012,50,27_4\excel\A1 110 1500\Light (3).xls,5/5,False,812,12,0.52,2179;2154;2098;1491;1490,1508;1403;1538;1574;1782,1882.4,1561.0,20.6
O0106,W012,50,27_4\excel\A1 110 1500\Light (4).xls,5/5,True,1116,12,0.38,2179;2154;2098;1491;1490,1508;1403;1538;1574;1782,1882.4,1561.0,20.6
O0106,W012,50,27_4\excel\A1 110 1500\Light (5).xls,5/5,True,1380,12,0.31,2179;2154;2098;1491;1490,1508;1403;1538;1574;1782,1882.4,1561.0,20.6
O0107,W012,100,27_4\excel\A1 213 1800\Light (15).xls,5/5,True,796,10,0.92,432;431;427;348;353,375;382;429;492;477,398.2,431.1,-7.6
O0108,W012,150,27_4\excel\A2 102 1800\Light (11).xls,5/5,True,262,5,0.86,205;204;203;201;202,199;245;210;238;190,203,216.4,-6.2
O0108,W012,150,27_4\excel\A2 207 1800\Light (12).xls,5/5,True,516,2,0.43,205;204;203;201;202,983;1022,203,1002.5,-79.8
O0109,W003,50,27_4\excel\A1 108 1500\Light (6).xls,5/5,False,998,13,0.94,4110;4109;4108;3893;3896,3461;3911;3388;3713;3926,4023.2,3679.8,9.3
O0110,W003,100,27_4\excel\A1 108 1500\Light (7).xls,5/5,False,312,4,0.86,1841;1835;1823;1275;1257,1304;1723;1484;1257,1606.2,1442.0,11.4
O0111,W003,150,27_4\excel\A1 108 1500\Light (8).xls,5/5,False,420,7,0.91,1188;1182;1176;1002;1025,750;1025;1113;847;1152,1114.6,977.4,14.0
O0112,W013,50,27_4\excel\A2 102 1800\Light (9).xls,5/5,False,274,5,0.85,590;587;581;570;546,543;485;552;482;564,574.8,525.2,9.4
O0113,W013,100,27_4\excel\A2 102 1800\Light (10).xls,5/5,False,252,5,0.89,364;363;361;319;354,287;342;279;361;311,352.2,316.0,11.5
O0116,W011,100,27_4\excel\A2 207 1800\Light (13).xls,5/5,False,410,5,0.83,709;706;703;698;651,628;552;672;684;584,693.4,624.0,11.1
O0117,W011,150,27_4\excel\A2 207 1800\Light (14).xls,5/5,False,292,4,0.88,401;399;398;375;371,375;298;340;382,388.8,348.9,11.4
O0117,W011,150,27_4\excel\A5 105 1800\Light (18).xls,5/5,True,404,5,0.93,401;399;398;375;371,360;397;323;377;383,388.8,368.0,5.7
O0119,W008,100,27_4\excel\A1 213 1800\Light (16).xls,5/5,False,253,3,0.82,295;293;292;279;290,269;264;279,289.8,270.7,7.1
O0120,W008,150,27_4\excel\A1 213 1800\Light (17).xls,5/5,False,256,1,0.89,154;153;152;146;148,146,150.6,146.0,3.2
O0120,W008,150,27_4\excel\A5 105 1800\Light (20).xls,5/5,True,387,2,0.92,154;153;152;146;148,149;148,150.6,148.5,1.4
O0122,W004,100,27_4\excel\A5 105 1800\Light (19).xls,5/5,False,329,4,0.91,243;242;241;232;221,206;227;180;223,235.8,209.0,12.8
O0124,W005,50,27_4\excel\A4 102 1800\Light (21).xls,5/5,False,226,1,0.95,111;110;109;102;107,101,107.8,101.0,6.7
O0125,W005,100,27_4\excel\A4 102 1800\Light (22).xls,5/5,False,184,1,0.89,73;72;71;12;58,67,57.2,67.0,-14.6
O0126,W005,150,27_4\excel\A4 102 1800\Light (23).xls,5/5,False,194,1,0.88,53;52;51;50;46,47,50.4,47.0,7.2
O0127,W009,50,29_4\excel\Light (24).xls,5/5,False,391,6,0.9,2764;2763;2762;2658;2401,2191;2611;2215;1776;2401,2669.6,2238.8,19.2
O0127,W009,50,29_4\excel\Light (25).xls,5/5,True,711,6,0.5,2764;2763;2762;2658;2401,2191;2611;2215;1776;2401,2669.6,2238.8,19.2
O0127,W009,50,29_4\excel\Light (26).xls,5/5,True,1064,6,0.33,2764;2763;2762;2658;2401,2191;2611;2215;1776;2401,2669.6,2238.8,19.2
O0130,W005,50,2-5\excel\A4 102 0900\Light (27).xls,5/5,False,322,7,0.89,1959;1953;1947;1727;1935,1727;1830;1935;1719;1929,1904.2,1828.0,4.2
O0130,W005,50,2-5\excel\A4 102 0900\Light (28).xls,5/5,True,636,9,0.8,1959;1953;1947;1727;1935,1727;1935;1719;1229;1276,1904.2,1577.2,20.7
O0132,W005,150,2-5\excel\A4 102 0900\Light (29).xls,5/5,False,287,4,0.85,992;989;986;915;980,935;823;698;941,972.4,849.1,14.5
O0133,W011,50,2-5\excel\Light (30).xls,5/5,False,265,10,0.86,2330;2004;2242;1838;1614,2041;2242;2202;1770;2146,2005.6,2080.2,-3.6
O0134,W011,100,2-5\excel\Light (31).xls,5/5,False,158,2,0.73,1363;1357;1353;1328;1329,1122;1329,1346,1225.2,9.9
O0135,W011,150,2-5\excel\Light.xls,5/5,False,284,3,0.55,754;753;752;732;749,720;626;737,748,694.3,7.7
O0136,W004,50,3-5\excel\A5 105 1500\Light.xls,5/5,False,252,8,0.9,287;285;284;241;274,242;279;180;274;278,274.2,250.5,9.5
O0137,W004,100,3-5\excel\A5 105 1500\Light (1).xls,5/5,False,260,3,0.89,174;173;172;171;169,160;117;170,171.8,149.2,15.2
O0138,W004,150,3-5\excel\A1 213 1500\Light (8).xls,5/5,True,313,1,0.9,106;105;104;102;101,104,103.6,104.0,-0.4
O0138,W004,150,3-5\excel\A5 105 1500\Light (2).xls,5/5,False,341,1,0.93,106;105;104;102;101,101,103.6,101.0,2.6
O0139,W011,50,3-5\excel\A2 207 1500\(This is actually for 50 m) Light (4).xls,5/5,False,332,3,0.91,383;382;380;371;349,286;337;372,373,331.8,12.4
O0140,W011,100,3-5\excel\A2 207 1500\(This is actually for 100 m) Light (3).xls,5/5,True,250,1,0.89,214;213;212;204;168,187,202.2,187.0,8.1
O0141,W011,150,3-5\excel\A2 207 1500\Light (5).xls,5/5,False,216,1,0.82,139;138;138;133;132,123,136,123.0,10.6
O0142,W008,50,3-5\excel\A1 213 1500\Light (6).xls,5/5,False,269,2,0.9,300;298;297;262;287,189;278,288.8,233.5,23.7
O0143,W008,100,3-5\excel\A1 213 1500\Light (7).xls,5/5,False,338,4,0.89,199;198;197;191;174,121;176;144;191,191.8,158.1,21.3
O0145,W011,50,4-5\excel\A2 207 0900\Light (9).xls,5/5,False,625,8,0.9,4837;4834;4830;4101;4685,4234;3136;4591;4369;4570,4657.4,4179.9,11.4
O0146,W011,100,4-5\excel\A2 207 0900\Light (10).xls,5/5,True,286,5,0.83,3311;3299;3287;3031;3311,2938;2354;1871;2704;3114,3247.8,2596.2,25.1
O0147,W011,150,4-5\excel\A2 207 0900\Light (11).xls,5/5,False,275,5,0.87,1866;1865;1864;1795;1747,1627;1258;1550;1680;1786,1827.4,1580.2,15.6
O0147,W011,150,4-5\excel\A4 102 0900\Light (12).xls,5/5,True,857,11,0.62,1866;1865;1864;1795;1747,4122;4146;4639;3934;4590,1827.4,4286.2,-57.4
O0149,W005,100,4-5\excel\A4 102 0900\Light (13).xls,5/5,False,255,5,0.85,3066;3054;3042;2844;2762,2705;2092;2774;2330;2884,2953.6,2557.1,15.5
O0150,W005,150,4-5\excel\A2 103 0900\Light (15).xls,5/5,True,518,10,0.74,1806;1794;1788;1723;1747,1747;1400;1708;1735;1204,1771.6,1558.9,13.6
O0150,W005,150,4-5\excel\A4 102 0900\Light (14).xls,5/5,False,289,6,0.87,1806;1794;1788;1723;1747,1532;1747;1400;1708;1735,1771.6,1624.4,9.1
O0152,W014,100,4-5\excel\A2 103 0900\Light (16).xls,5/5,False,264,10,0.85,487;479;477;454;445,447;290;473;394;453,468.4,411.4,13.9
O0153,W014,150,4-5\excel\A2 103 0900\Light (17).xls,5/5,False,390,11,0.83,322;321;320;260;310,310;219;256;222;320,306.6,265.3,15.6
O0154,W006,50,4-5\excel\A4 104 0900\Light (18).xls,5/5,False,205,5,0.69,3031;3008;3007;2226;2238,2727;2226;2821;2389;2519,2702,2536.4,6.5
O0155,W006,100,4-5\excel\A4 104 0900\Light (19).xls,5/5,False,184,6,0.84,1333;1313;1298;1213;1025,1199;1072;1032;1213;896,1236.4,1082.5,14.2
O0156,W006,150,4-5\excel\A4 104 0900\Light (20).xls,5/5,False,244,5,0.85,699;696;693;676;570,671;567;664;561;679,666.8,628.3,6.1
O0157,W005,50,4-5\excel\A4 102 1200\Light (21).xls,5/5,False,763,6,0.93,6916;6914;6913;5561;5929,5561;4232;6016;6655;6178,6446.6,5728.4,12.5
O0158,W005,100,4-5\excel\A4 102 1200\Light (22).xls,5/5,False,536,7,0.92,4476;4465;4462;4357;4097,3298;4243;3571;3010;4125,4371.4,3649.5,19.8
O0159,W005,150,4-5\excel\A4 102 1200\Light (23).xls,5/5,False,211,2,0.83,3079;3067;3055;2844;2867,2336;2856,2982.4,2596.2,14.9
O0160,W007,50,4-5\excel\A4 110 1200\Light (24).xls,5/5,False,251,7,0.64,2471;2448;2424;1946;2191,1946;1743;2215;2377;2120,2296,2080.2,10.4
O0161,W007,100,4-5\excel\A4 110 1200\Light (25).xls,5/5,False,153,6,0.74,863;860;854;662;774,837;660;792;662;823,802.6,754.9,6.3
O0162,W007,150,4-5\excel\A4 110 1200\Light (26).xls,5/5,False,219,5,0.84,530;527;524;521;524,509;434;462;396;513,525.2,462.8,13.5
O0163,W011,50,4-5\excel\A2 207 1200\Light (27).xls,5/5,False,647,7,0.93,4534;4533;4531;3847;3783,4307;3826;4352;3847;4193,4245.6,4104.8,3.4
O0164,W011,100,4-5\excel\A2 207 1200\Light (28).xls,5/5,False,372,7,0.8,3172;3149;3136;2753;2657,2680;2497;2880;2630;2867,2973.4,2710.8,9.7
O0165,W011,150,4-5\excel\A2 207 1200\Light (29).xls,5/5,False,284,5,0.86,1400;1395;1394;1377;1354,1306;1126;904;1088;1348,1384,1154.4,19.9
O0166,W004,50,8-5\excel\p1\A5 105 0900\Light (9).xls,5/5,False,592,11,0.93,4961;4960;4958;4403;4598,4175;4479;2966;4534;4711,4776,4173.1,14.4
O0167,W004,100,8-5\excel\p1\A5 105 0900\Light (10).xls,5/5,False,277,5,0.71,3590;3578;3567;2820;3007,3371;2691;3010;2939;3496,3312.4,3101.4,6.8
O0168,W004,150,8-5\excel\p1\A5 105 0900\Light (11).xls,5/5,True,236,8,0.71,3194;3171;3148;2520;2658,2578;2892;2543;2966;2424,2938.2,2680.8,9.6
O0169,W007,50,8-5\excel\p1\A4 110 0900\(this is actually 50m) Light (14).xls,5/5,False,275,9,0.88,980;977;974;828;863,831;725;876;591;889,924.4,782.4,18.1
O0170,W007,100,8-5\excel\p1\A4 110 0900\(this is actually 100m)  Light (12).xls,5/5,False,251,7,0.86,789;783;781;673;548,618;509;681;568;686,714.8,612.3,16.7
O0171,W007,150,8-5\excel\p1\A4 109 1200\Light (28).xls,5/5,True,200,7,0.81,314;313;311;307;309,306;189;311;281;304,310.8,278.2,11.7
O0171,W007,150,8-5\excel\p1\A4 110 0900\(this is actually 150m)  Light (13).xls,5/5,False,238,6,0.8,314;313;311;307;309,311;243;288;223;306,310.8,274.2,13.3
O0172,W015,50,8-5\excel\p1\A4 111 0900\Light (15).xls,5/5,False,246,6,0.81,2704;2692;2681;2658;2611,2530;1811;2564;1750;2658,2669.2,2262.6,18.0
O0173,W015,100,8-5\excel\p1\A4 111 0900\Light (16).xls,5/5,False,289,5,0.88,1881;1875;1870;1818;1649,1684;1490;1794;1660;1729,1818.6,1671.4,8.8
O0174,W015,150,8-5\excel\p1\A4 111 0900\Light (17).xls,5/5,False,167,4,0.32,1485;1478;1466;1369;1303,1199;1382;1200;1010,1420.2,1197.5,18.6
O0175,W011,50,8-5\excel\p1\A2 207 0900\Light (17).xls,5/5,False,789,10,0.9,6229;6225;6223;5094;6009,6049;5854;5108;5815;5607,5956,5686.6,4.7
O0175,W011,50,8-5\excel\p1\A2 207 0900\Light (18).xls,5/5,True,1023,10,0.69,6229;6225;6223;5094;6009,6049;5854;5108;5815;5607,5956,5686.6,4.7
O0177,W011,150,8-5\excel\p1\A2 207 0900\Light (19).xls,5/5,False,250,4,0.84,1777;1772;1771;1680;1673,1592;1262;1668;1416,1734.6,1484.2,16.9
O0178,W004,50,8-5\excel\p1\A5 105 1200\(this is actually 50m) Light (21).xls,5/5,False,595,9,0.88,4495;4494;4486;4434;4216,4256;4237;3634;3762;4398,4425,4057.5,9.1
O0179,W004,100,8-5\excel\p1\A5 105 1200\Light (22).xls,5/5,False,269,6,0.65,2706;2682;2670;2518;2495,2378;2670;2098;2389;2466,2614.2,2400.2,8.9
O0180,W004,150,8-5\excel\p1\A5 105 1200\Light (23).xls,5/5,False,284,4,0.68,1027;1019;1016;884;929,992;884;919;887,975,920.5,5.9
O0181,W005,50,8-5\excel\p1\A4 102 1200\Light (24).xls,5/5,False,279,4,0.77,2798;2786;2774;2518;2472,2519;2540;2015;2541,2669.6,2403.8,11.1
O0182,W005,100,8-5\excel\p1\A4 102 1200\Light (25).xls,5/5,False,266,7,0.83,1712;1700;1694;1234;1654,1543;1315;1578;1234;1677,1598.8,1469.4,8.8
O0183,W005,150,8-5\excel\p1\A4 102 1200\Light (26).xls,5/5,False,295,6,0.86,1445;1439;1433;1252;1422,914;1217;1346;1206;1422,1398.2,1221.0,14.5
O0184,W016,50,8-5\excel\p1\A4 109 1200\Light (27).xls,5/5,False,264,6,0.72,1223;1217;1211;1048;1153,765;1048;1164;908;1055,1170.4,988.1,18.4
O0186,W016,150,8-5\excel\p1\A4 109 1200\Light (29).xls,5/5,False,250,3,0.88,196;195;194;179;182,167;130;183,189.2,160.0,18.2
O0187,W011,50,8-5\excel\p1\A2 207 1200\Light (30).xls,5/5,False,284,6,0.89,2658;2635;2611;2658;2472,2273;1896;2415;1759;2559,2606.8,2180.4,19.6
O0188,W011,100,8-5\excel\p1\A2 207 1200\Light (31).xls,5/5,False,257,5,0.87,1305;1299;1294;1188;1259,976;1193;1078;1282;1118,1269,1129.5,12.4
O0189,W011,150,8-5\excel\p1\A2 207 1200\Light.xls,5/5,False,227,5,0.56,1005;1001;999;997;990,884;960;845;720;624,998.4,806.4,23.8
O0190,W008,50,8-5\excel\p2\A1 213 1200\Light (9).xls,5/5,False,357,9,0.91,3037;3024;3012;2940;3037,2428;2427;2798;2357;2952,3010,2592.3,16.1
O0191,W008,100,8-5\excel\p2\A1 213 1200\Light (10).xls,5/5,False,237,3,0.87,1517;1516;1514;1398;1421,1400;1165;1444,1473.2,1336.3,10.2
O0192,W008,150,8-5\excel\p2\A1 213 1200\Light (12).xls,5/5,False,267,5,0.75,660;657;654;593;596,515;596;535;590;631,632,573.4,10.2
O0193,W009,50,8-5\excel\p2\A4 103 1200\Light (13).xls,5/5,False,213,5,0.85,599;596;593;526;529,541;517;593;546;475,568.6,534.4,6.4
O0194,W009,100,8-5\excel\p2\A4 103 1200\Light (14).xls,5/5,False,261,3,0.88,260;259;258;238;247,236;184;242,252.4,220.7,14.4
O0195,W009,150,8-5\excel\p2\A4 103 1200\Light (15).xls,5/5,False,270,3,0.9,161;160;159;156;158,150;117;157,158.8,141.3,12.4
O0196,W017,50,23-5\excel\A4 104 1500\Light (18).xls,5/5,True,240,1,1.0,33;32;31;27;30,31,30.6,31.0,-1.3
O0196,W017,50,23-5\excel\A5 114 1500\Light (16).xls,5/5,False,172,1,1.0,33;32;31;27;30,30,30.6,30.0,2.0
O0197,W017,100,23-5\excel\A5 114 1500\Light (17).xls,5/5,False,192,1,1.0,15;14;13;11;12,13,13,13.0,0.0
O0198,W017,150,23-5\excel\A5 114 1500\Light (18).xls,5/5,False,179,1,1.0,12;11;10;9;3,10,9,10.0,-10.0
O0199,W005,50,23-5\excel\A2 207 1500\(ACTUALLY 150M) Light (16).xls,5/5,True,307,3,0.91,139;138;137;136;135,175;150;186,137,170.3,-19.6
O0199,W005,50,23-5\excel\A4 102 1500\Light (20).xls,5/5,False,178,1,0.88,139;138;137;136;135,132,137,132.0,3.8
O0199,W005,50,23-5\excel\A4 104 1500\Light (16).xls,5/5,True,181,4,0.86,139;138;137;136;135,140;146;89;145,137,130.0,5.4
O0200,W005,100,23-5\excel\A4 102 1500\Light (21).xls,5/5,False,244,1,0.91,88;87;86;85;83,79,85.8,79.0,8.6
O0201,W005,150,23-5\excel\A4 102 1500\Light (22).xls,5/5,False,375,1,0.98,52;51;50;42;49,43,48.8,43.0,13.5
O0201,W005,150,23-5\excel\A4 104 1500\Light (17).xls,5/5,True,264,1,0.96,52;51;50;42;49,65,48.8,65.0,-24.9
O0202,W006,50,23-5\excel\A1 213 1500\Light (19).xls,5/5,True,394,6,0.93,177;176;175;146;139,175;178;140;190;199,162.6,176.5,-7.9
O0205,W011,50,23-5\excel\A2 207 1500\Light (19).xls,5/5,False,245,6,0.83,432;430;429;395;419,393;340;412;373;425,421,388.6,8.3
O0206,W011,100,23-5\excel\A2 207 1500\Light (20).xls,5/5,False,233,5,0.87,261;260;259;246;252,248;190;248;204;252,255.6,228.3,12.0
O0208,W008,50,23-5\excel\A1 213 1500\Light (17).xls,5/5,False,262,8,0.84,662;659;656;653;582,622;589;498;390;618,642.4,543.6,18.2
O0209,W008,100,23-5\excel\A1 213 1500\Light (18).xls,5/5,False,220,6,0.82,366;364;363;354;253,352;275;354;294;327,340,320.4,6.1
